,index,Count
27,the,40
1,of,37
18,and,33
4,placode,29
7,human,17
10,cell,17
77,in,17
97,to,14
3,cranial,13
12,be,13
21,development,11
46,a,10
85,hormone,9
58,fate,8
78,vivo,7
169,al,7
170,.,7
22,have,7
168,et,7
17,sensory,7
16,for,7
74,trigeminal,6
40,derivation,6
9,stem,5
86,produce,5
53,induction,5
6,from,5
50,inhibition,5
8,pluripotent,5
215,into,5
37,we,5
84,pituitary,5
207,differentiation,5
43,BMP,4
32,by,4
52,neural,4
83,anterior,4
175,2001,4
136,include,4
57,CNS,4
108,hesc,4
81,lens,4
76,capable,4
213,develop,4
34,derive,4
65,induce,4
112,lineage,3
61,growth,3
113,neuron,3
123,specific,3
198,hpsc,3
55,at,3
63,signaling,3
119,report,3
114,vitro,3
19,endocrine,3
5,derivative,3
80,mature,3
20,organ,3
41,time,3
39,efficient,3
36,here,3
72,selective,3
212,protocol,3
82,fiber,3
173,Bronner,3
174,Fraser,3
93,establish,2
96,platform,2
92,result,2
98,study,2
152,cns,2
100,base,2
89,transplantation,2
200,potential,2
187,mouse,2
180,model,2
179,characterize,2
177,2004,2
172,Baker,2
144,during,2
107,sufficient,2
240,on,2
130,application,2
247,/,2
126,ganglia,2
125,as,2
124,such,2
90,adrenocorticotropic,2
0,specification,2
197,marker,2
14,structure,2
38,demonstrate,2
35,tissue,2
31,cause,2
51,strategy,2
67,ectoderm,2
68,far,2
24,largely,2
23,remain,2
70,stage,2
48,dual,2
15,essential,2
59,concomitant,2
87,that,2
13,embryonic,2
79,engraftment,2
44,inhibitor,2
2,functional,2
45,Noggin,2
220,Reubinoff,1
216,among,1
217,first,1
218,hESC,1
219,field,1
225,also,1
221,Zhang,1
226,achieve,1
230,2011,1
229,Menendez,1
228,2007,1
223,nervous,1
282,differentiate,1
224,system,1
227,Lee,1
222,peripheral,1
285,chick,1
214,direct,1
283,expression,1
199,hipsc,1
289,GH,1
201,self,1
202,renew,1
203,while,1
204,retain,1
205,very,1
206,broad,1
208,over,1
209,last,1
210,few,1
211,year,1
288,finally,1
287,adult,1
286,embryo,1
232,successful,1
284,electrophysiology,1
231,contrast,1
269,>,1
233,define,1
261,lead,1
254,],1
255,Chambers,1
274,six1,1
256,2009,1
257,exposure,1
258,N,1
273,adopt,1
259,SB431542,1
260,SB,1
262,synchronized,1
252,[,1
263,rapid,1
264,derepression,1
272,all,1
265,endogenous,1
271,%,1
196,early,1
270,70,1
266,dSMADi,1
267,use,1
253,dsmadi,1
275,+,1
281,competent,1
243,Morphogenetic,1
234,crest,1
268,PIP,1
236,type,1
237,there,1
238,limited,1
239,success,1
280,preplacodal,1
241,recently,1
242,Bone,1
244,Protein,1
251,SMAD,1
245,TGF,1
246,Î²,1
279,identify,1
248,Activin,1
278,11,1
277,day,1
276,precursor,1
249,Nodal,1
250,pathway,1
235,nc)-derive,1
145,form,1
195,access,1
111,epidermal,1
99,set,1
101,therapy,1
102,disease,1
103,graphical,1
104,abstract,1
105,highlight,1
106,withdrawal,1
109,FGF,1
110,suppress,1
115,engraft,1
94,powerful,1
116,release,1
117,Studer,1
118,colleague,1
120,they,1
121,how,1
122,obtain,1
127,gh,1
128,acth,1
129,their,1
95,experimental,1
91,our,1
132,medicine,1
49,smad,1
11,Summary,1
25,inaccessible,1
26,despite,1
28,serious,1
29,medical,1
30,condition,1
33,dysfunction,1
42,removal,1
47,component,1
54,trigger,1
88,upon,1
56,expense,1
60,fibroblast,1
62,factor,1
64,disrupt,1
66,surface,1
69,preplacode,1
71,enable,1
73,generation,1
75,ganglion,1
131,regenerative,1
133,introduction,1
194,lack,1
182,frog,1
163,imbalance,1
164,or,1
165,loss,1
166,smell,1
167,Abdelhak,1
171,1997,1
176,Ruf,1
178,date,1
181,organism,1
183,zebrafish,1
161,blindness,1
184,chicken,1
185,less,1
186,extent,1
188,Bhattacharyya,1
189,Schlosser,1
190,2006,1
191,however,1
192,unexplored,1
193,due,1
162,deafness,1
160,range,1
134,give,1
147,nonneural,1
135,rise,1
137,optic,1
138,nasal,1
139,epithelium,1
140,otic,1
141,adenohypophysis,1
142,subset,1
143,nerve,1
146,interface,1
148,plate,1
159,malformation,1
149,surround,1
150,portion,1
151,future,1
153,Figure,1
154,s1a,1
155,defect,1
156,wide,1
157,spectrum,1
158,congenital,1
290,ACTH,1
